"beta","factor","rc.1","rc.2","rc.3","rb.1","rb.2","rb.3","rb.4"
0.25,1.84666237961018,-1.42410833695277,-0.124920738094982,-0.00624224397969415,-3.06604265140434,-0.227384288902688,-0.0152230973448263,-0.000120890823485858
0.258793467336683,1.88980269406442,-1.41132260472256,-0.124168906535332,-0.00619736190480053,-3.12359561215346,-0.230686653778973,-0.0155703361776426,-0.000127744158182657
0.267586934673367,1.93422742597767,-1.39872278343899,-0.123422843655818,-0.00615272584027781,-3.18264957875074,-0.23403120319986,-0.0159237784753338,-0.000134841806230424
0.27638040201005,1.97998866936064,-1.3863049597779,-0.122682485650938,-0.00610833281388429,-3.2432604228563,-0.23741851146465,-0.0162835025087854,-0.000142192172887364
0.285173869346734,2.02714120293348,-1.37406532875567,-0.121947769703856,-0.00606417987699605,-3.30548678699407,-0.240849163576442,-0.0166495871990169,-0.000149803920783369
0.293967336683417,2.07574266072134,-1.36200018993911,-0.121218633956016,-0.00602026410584334,-3.36939025736534,-0.244323755479298,-0.017022112123883,-0.000157685975204792
0.3027608040201,2.12585371580372,-1.35010594412527,-0.120495017508005,-0.00597658260417898,-3.43503555051426,-0.247842894363428,-0.0174011575287409,-0.000165847529611277
0.311554271356784,2.17753827797347,-1.33837908948399,-0.119776860356645,-0.00593313250310523,-3.50249071263232,-0.251407198849572,-0.01778680432865,-0.00017429805110333
0.320347738693467,2.23086370716007,-1.3268162185184,-0.119064103393912,-0.00588991096361666,-3.57182733604877,-0.255017299303424,-0.0181791341182325,-0.000183047286065755
0.329141206030151,2.28590104363499,-1.31541401484524,-0.118356688379322,-0.00584691517790836,-3.64312079197381,-0.258673838102867,-0.0185782291787721,-0.00019210526513953
0.337934673366834,2.34272525671307,-1.30416925014083,-0.117654557916038,-0.00580414237087094,-3.71645048189391,-0.262377469920027,-0.0189841724846524,-0.000201482309190946
0.346728140703518,2.40141551365401,-1.29307878115313,-0.116957655422286,-0.00576158980136046,-3.79190010913735,-0.266128861999217,-0.0193970477104644,-0.0002111890337389
0.355521608040201,2.46205547076479,-1.2821395468891,-0.116265925107274,-0.00571925476351893,-3.86955797286361,-0.269928694452314,-0.0198169392365479,-0.000221236355116862
0.364315075376884,2.52473358890479,-1.27134856604604,-0.115579311962932,-0.00567713458894616,-3.94951728684715,-0.273777660596929,-0.0202439321591655,-0.000231635494850619
0.373108542713568,2.58954347544643,-1.26070293413688,-0.114897761715609,-0.00563522664685573,-4.0318765238874,-0.277676467210893,-0.0206781122923888,-0.000242397985196514
0.381902010050251,2.6565842559898,-1.25019982127953,-0.114221220830837,-0.00559352834667138,-4.1167397913722,-0.281625834918499,-0.0211195661795055,-0.000253535673849877
0.390695477386935,2.72596097803616,-1.23983646951523,-0.113549636466696,-0.00555203713820163,-4.20421723757272,-0.2856264984627,-0.0215683810950664,-0.000265060729011363
0.399488944723618,2.79778505067219,-1.22961019067763,-0.112882956470338,-0.00551075051372972,-4.29442549514817,-0.289679207089279,-0.0220246450548068,-0.000276985643861339
0.408282412060301,2.87217472343044,-1.21951836404823,-0.112221129345734,-0.00546966600872962,-4.38748816322111,-0.293784724871147,-0.0224884468197576,-0.000289323241372612
0.417075879396985,2.9492556088398,-1.20955843425734,-0.111564104237377,-0.00542878120319936,-4.48353633365095,-0.297943831081016,-0.0229598759034117,-0.000302086678618095
0.425869346733668,3.02916125314407,-1.19972790917281,-0.110911830906537,-0.00538809372264815,-4.58270916536451,-0.302157320553692,-0.0234390225770156,-0.000315289451361391
0.434662814070352,3.11203376059087,-1.19002435793742,-0.110264259714054,-0.00534760123923578,-4.68515451256658,-0.30642600407652,-0.0239259778764299,-0.000328945397923948
0.443456281407035,3.19802447710536,-1.18044540901904,-0.109621341597145,-0.00530730147257271,-4.79102961231672,-0.310750708774791,-0.0244208336073104,-0.000343068703224365
0.452249748743719,3.28729474010062,-1.17098874835695,-0.108983028050719,-0.00526719219068971,-4.90050183843035,-0.31513227851832,-0.0249236823508278,-0.000357673902786392
0.461043216080402,3.38001670199988,-1.16165211758794,-0.108349271108752,-0.00522727121081215,-5.01374952928234,-0.319571574341069,-0.0254346174696448,-0.000372775886187537
0.469836683417085,3.47637423597202,-1.15243331230645,-0.107720023323816,-0.00518753640005787,-5.13096289787781,-0.32406947486677,-0.0259537331131386,-0.000388389900448244
0.478630150753769,3.57656393370867,-1.14333018043454,-0.107095237751607,-0.00514798567616872,-5.25234503425997,-0.328626876761111,-0.0264811242234294,-0.000404531553344613
0.487423618090452,3.68079620612796,-1.13434062057187,-0.106474867928429,-0.00510861700788732,-5.3781130107661,-0.333244695175583,-0.0270168865397034,-0.000421216816398881
0.496217085427136,3.78929649985628,-1.1254625804975,-0.105858867857103,-0.00506942841556032,-5.5084991035205,-0.337923864231145,-0.0275611166044821,-0.000438462027464583
0.505010552763819,3.90230664364769,-1.11669405566483,-0.105247191989543,-0.00503041797148905,-5.64375214383761,-0.34266533750305,-0.0281139117686368,-0.000456283893468198
0.513804020100503,4.02008634132296,-1.10803308774704,-0.10463979520743,-0.00499158380011735,-5.78413901633263,-0.347470088516615,-0.0286753701959892,-0.000474699492552281
0.522597487437186,4.14291483017898,-1.09947776326719,-0.104036632807599,-0.00495292407821908,-5.92994632279062,-0.352339111271372,-0.0292455908688857,-0.000493726275992471
0.531390954773869,4.27109272657553,-1.09102621227636,-0.103437660487896,-0.00491443703508948,-6.08148223341312,-0.357273420782956,-0.0298246735935799,-0.000513382070143324
0.540184422110553,4.40494408366756,-1.08267660702361,-0.10284283432789,-0.0048761209522909,-6.2390785502356,-0.362274053624091,-0.0304127190043835,-0.000533685077699217
0.548977889447236,4.54481869050062,-1.07442716074309,-0.102252110777317,-0.00483797416371585,-6.40309301235762,-0.367342068508376,-0.0310098285695097,-0.000554653879005004
0.55777135678392,4.69109464586922,-1.0662761264394,-0.101665446640239,-0.00479999505519953,-6.57391187602168,-0.372478546877657,-0.0316161045956769,-0.00057630743294158
0.566564824120603,4.8441812460623,-1.05822179572292,-0.101082799061071,-0.00476218206422527,-6.75195280882516,-0.377684593513667,-0.0322316502332229,-0.000598665077459452
0.575358291457286,5.00452223209981,-1.05026249770846,-0.10050412551264,-0.00472453367947418,-6.93766814377062,-0.382961337177351,-0.0328565694816356,-0.000621746529890341
0.58415175879397,5.1725994494989,-1.04239659790981,-0.0999293837812709,-0.00468704844020733,-7.13154854593273,-0.388309931256521,-0.0334909671939407,-0.000645571887062029
0.592945226130653,5.34893698320216,-1.03462249720544,-0.0993585319554071,-0.00464972493558188,-7.33412715468498,-0.393731554447641,-0.0341349490825116,-0.000670161624724329
0.601738693467337,5.53410584102122,-1.02693863083076,-0.098791528413678,-0.00461256180387795,-7.54598427468999,-0.399227411458367,-0.0347886217239605,-0.000695536597260672
0.61053216080402,5.72872927233716,-1.01934346740287,-0.0982283318134512,-0.00457555773158659,-7.76775270243042,-0.404798733734443,-0.0354520925648981,-0.000721718036422126
0.619325628140704,5.93348882485076,-1.01183550798673,-0.0976689010807832,-0.00453871145243931,-8.00012379113005,-0.410446780216111,-0.0361254699275592,-0.000748727550269485
0.628119095477387,6.14913126147553,-1.00441328516887,-0.097113195398196,-0.00450202174621623,-8.24385437604054,-0.416172838111397,-0.0368088630149327,-0.000776587121474884
0.63691256281407,6.37647648344684,-0.997075362199125,-0.09656117419701,-0.00446548743758275,-8.49977470642824,-0.421978223713423,-0.0375023819172568,-0.000805319105554212
0.645706030150754,6.61642663428658,-0.98982033213323,-0.0960127971469863,-0.00442910739477592,-8.76879755865542,-0.427864283235115,-0.0382061376180149,-0.000834946228433416
0.654499497487437,6.86997659518117,-0.982646817013183,-0.0954680241475555,-0.00439288052813097,-9.05192874107641,-0.433832393678802,-0.0389202419999454,-0.000865491584113967
0.663292964824121,7.13822612619977,-0.975553467081558,-0.0949268153201337,-0.00435680578863681,-9.35027924518999,-0.439883963740929,-0.0396448078520705,-0.000896978631642689
0.672086432160804,7.42239396227252,-0.968538960011361,-0.0943891310000147,-0.00432088216625735,-9.6650793519037,-0.44602043474585,-0.0403799488761931,-0.000929431192111656
0.680879899497487,7.7238342411616,-0.96160200017299,-0.0938549317296222,-0.00428510868828659,-9.99769507027134,-0.452243281619732,-0.0411257796944326,-0.000962873445007468
0.689673366834171,8.04405572595015,-0.954741317918708,-0.0933241782516328,-0.00424948441755977,-10.3496473711577,-0.458554013898247,-0.0418824158565508,-0.000997329924532704
0.698466834170854,8.38474439260498,-0.947955668888096,-0.0927968315025987,-0.00421400845053411,-10.7226347864235,-0.464954176771649,-0.0426499738478591,-0.00103282551537628
0.707260301507538,8.74779009042048,-0.941243833355155,-0.0922728526084087,-0.0041786799154577,-11.1185600815796,-0.471445352178701,-0.0434285710977847,-0.00106938544853698
0.716053768844221,9.13531815803106,-0.934604615568685,-0.0917522028778806,-0.00414349797025764,-11.53956188437,-0.478029159929238,-0.0442183259882428,-0.00110703529643513
0.724847236180905,9.54972710410556,-0.928036843142488,-0.0912348437992566,-0.00410846180053507,-11.9880523787258,-0.484707258884344,-0.0450193578631778,-0.0011458009680822
0.733640703517588,9.99373375398844,-0.921539366447065,-0.09072073703548,-0.00407357061739803,-12.4667624651258,-0.491481348173444,-0.0458317870380047,-0.0011857087038048
0.742434170854271,10.4704276469111,-0.915111058034517,-0.0902098444212488,-0.00403882365529862,-12.978796172194,-0.498353168466423,-0.04665573481012,-0.0012267850697876
0.751227638190955,10.9833369725921,-0.908750812072405,-0.089702127959447,-0.00400422016980719,-13.5276966082522,-0.505324503290966,-0.0474913234694752,-0.00126905695230515
0.760021105527638,11.5365090073581,-0.902457543803521,-0.0891975498188223,-0.0039697594353093,-14.1175264130881,-0.512397180406654,-0.0483386763100449,-0.00131255155176515
0.768814572864322,12.1346089103881,-0.896230189019217,-0.0886960723316788,-0.00393544074275518,-14.752966570508,-0.519573073232334,-0.0491979176417994,-0.00135729637646891
0.777608040201005,12.7830419621657,-0.890067703556648,-0.0881976579925534,-0.00390126339728784,-15.4394386638663,-0.526854102334904,-0.0500691728034336,-0.00140331923626109
0.786401507537688,13.4881060006275,-0.883969062805536,-0.0877022694568569,-0.00386722671591606,-16.1832573299993,-0.534242236975533,-0.0509525681757845,-0.00145064823578752
0.795194974874372,14.2571831313301,-0.87793326123349,-0.0872098695399243,-0.00383333002515045,-16.9918219880022,-0.541739496720413,-0.0518482311956235,-0.00149931176782614
0.803988442211055,15.0989830452056,-0.87195931193118,-0.0867204212170587,-0.00379957265863966,-17.8738601764577,-0.549347953121272,-0.0527562903708593,-0.00154933850616194
0.812781909547739,16.023854911838,-0.86604624617001,-0.086233887623656,-0.00376595395482853,-18.8397394670606,-0.557069731464616,-0.0536768752960741,-0.00160075739854125
0.821575376884422,17.0441915061697,-0.860193112968147,-0.0857502320551916,-0.00373247325457414,-19.9018716125655,-0.564907012590476,-0.0546101166687155,-0.0016535976593255
0.830368844221105,18.1749590381143,-0.854398978683412,-0.0852694179687944,-0.00369912989882185,-21.0752423987092,-0.57286203479659,-0.0555561463067232,-0.00170788876213153
0.839162311557789,19.434400792838,-0.848662926608161,-0.0847914089840724,-0.00366592322633049,-22.3781153077622,-0.580937095816236,-0.0565150971665821,-0.00176366043221428
0.847955778894472,20.8449849487839,-0.842984056585896,-0.0843161688851535,-0.00363285257136312,-23.8329793609791,-0.589134554886751,-0.0574871033625501,-0.00182094263893529
0.856749246231156,22.4347014957185,-0.837361484632961,-0.083843661622375,-0.00359991726145098,-25.467846062169,-0.5974568349025,-0.0584723001865743,-0.00187976558801586
0.865542713567839,24.2388680709225,-0.831794342578678,-0.0833738513148117,-0.00356711661522983,-27.3180552606757,-0.605906424665771,-0.0594708241294913,-0.00194015971377987
0.874336180904523,26.3026939986621,-0.826281777713677,-0.0829067022529581,-0.00353444994025461,-29.4288392188937,-0.614485881234104,-0.0604828129030656,-0.00200215567134673
0.883129648241206,28.6850018707283,-0.820822952451055,-0.0824421789016613,-0.0035019165309971,-31.8590442222241,-0.623197832372207,-0.0615084054631451,-0.00206578432881707
0.891923115577889,31.4637659363615,-0.815417043997335,-0.0819802459033977,-0.00346951566676119,-34.686668999839,-0.632044979112159,-0.0625477420338053,-0.00213107675943177
0.900716582914573,34.7445936979144,-0.810063244036407,-0.0815208680819732,-0.00343724660977239,-38.0173463527183,-0.641030098430185,-0.063600964132841,-0.00219806423372165
0.909510050251256,38.6741527792985,-0.804760758418572,-0.081064010446061,-0.00340510860333043,-41.9977700560278,-0.650156046040324,-0.0646682145980115,-0.00226677821173481
0.91830351758794,43.4622690882635,-0.799508806866652,-0.0806096381935831,-0.00337310087002271,-46.8377930570896,-0.659425759320725,-0.0657496376149628,-0.00233725033525255
0.927096984924623,49.4200177147238,-0.794306622683922,-0.0801577167157782,-0.00334122261002887,-52.8485184111193,-0.668842260368003,-0.0668453787458831,-0.00240951242010955
0.935890452261307,57.0291618658143,-0.789153452475467,-0.0797082116016807,-0.00330947299951555,-60.5117382556346,-0.678408659195785,-0.0679555849595883,-0.00248359644856869
0.94468391959799,67.0778231056063,-0.784048555878957,-0.0792610886430294,-0.00327785118917621,-70.6156040915283,-0.68812815708277,-0.0690804046630894,-0.00255953456179227
0.953477386934673,80.9500138286696,-0.778991205298346,-0.0788163138387277,-0.00324635630280133,-84.544159300076,-0.698004050072639,-0.0702199877338468,-0.00263735905245165
0.962270854271357,101.32005482256,-0.77398068565477,-0.0783738534004175,-0.00321498743602574,-104.971756751197,-0.708039732647275,-0.0713744855543,-0.00271710235741079
0.97106432160804,134.113181613333,-0.769016294132481,-0.0779336737569446,-0.00318374365510944,-137.823665197023,-0.718238701563156,-0.0725440510464766,-0.0027987970506236
0.979857788944724,195.601792058604,-0.76409733994665,-0.0774957415603451,-0.00315262399589774,-199.372316915677,-0.728604559884798,-0.0737288387094127,-0.0028824758361016
0.988651256281407,352.492458435827,-0.759223144104675,-0.0770600236904971,-0.00312162746287105,-356.324319852842,-0.739141021200317,-0.0749290046565152,-0.00296817154115526
0.99744472361809,1589.72105228538,-0.754393039189163,-0.0766264872616561,-0.00309075302833472,-1593.61558252112,-0.749851914056557,-0.0761447066561538,-0.00305591710976061
1.00623819095477,-661.310801918618,-0.749606369119097,-0.0761950996258582,-0.00305999963158809,657.352232270088,-0.760741186583699,-0.077376104170473,-0.00314574559608436
1.01503165829146,-278.745528036818,-0.744862488963463,-0.0757658283811603,-0.00302936617849845,274.721508620391,-0.771812911395126,-0.0786233584005669,-0.00323769015834782
1.02382512562814,-178.63886406684,-0.740160764722121,-0.0753386413761085,-0.00299885154091148,174.547943274799,-0.78307129069287,-0.0798866323292187,-0.00333178405284879
1.03261859296482,-132.552792873044,-0.735500573116277,-0.074913506714502,-0.00296845455632741,128.393476284059,-0.794520661633127,-0.0811660907655946,-0.00342806062814346
1.04141206030151,-106.076125378485,-0.730881301404309,-0.0744903927621537,-0.00293817402765413,101.846874123033,-0.80616550198541,-0.0824619003933398,-0.00352655331962473
1.05020552763819,-88.906103254187,-0.72630234719018,-0.0740692681524557,-0.00290800872310667,84.6053323024074,-0.818010436068026,-0.0837742298192317,-0.00362729564426927
1.05899899497487,-76.8822724632801,-0.721763118232901,-0.0736501017913743,-0.00287795737622863,72.5083488308858,-0.830060240985511,-0.0851032496228071,-0.00373032119565471
1.06779246231156,-68.002844675923,-0.717263032271147,-0.0732328628636471,-0.00284801868594745,63.5540855433463,-0.842319853202786,-0.0864491324088241,-0.00383566363931967
1.07658592964824,-61.1854267545616,-0.712801516844331,-0.0728175208378227,-0.00281819131691258,56.6600974943979,-0.854794375455725,-0.087812052860492,-0.00394335670831214
1.08537939698492,-55.7935663118835,-0.708378009123167,-0.0724040454720404,-0.00278847389972624,51.1898784192052,-0.867489084034459,-0.0891921877949062,-0.00405343419912669
1.09417286432161,-51.4285524808745,-0.703991955742152,-0.0719924068192396,-0.00275886503151449,46.7446614007147,-0.880409436454045,-0.090589716220031,-0.00416592996788802
1.10296633165829,-47.8278997638019,-0.699642812636596,-0.071582575232446,-0.00272936327644523,43.0619026096599,-0.893561079540687,-0.0920048193933961,-0.00428087792684623
1.11175979899497,-44.8117568125673,-0.695330044882334,-0.0711745213699099,-0.00269996716636395,39.9616899694036,-0.906949857957768,-0.0934376808824917,-0.00439831204120152
1.12055326633166,-42.2527697649178,-0.691053126542392,-0.0707682162001705,-0.00267067520166836,37.3166063695649,-0.920581823206169,-0.0948884866272822,-0.00451826632624597
1.12934673366834,-40.0582384505384,-0.686811540513762,-0.070363631006966,-0.00264148585209462,35.0338857420574,-0.9344632431211,-0.0963574250042187,-0.00464077484480542
1.13814020100502,-38.1590878578422,-0.68260477837926,-0.0699607373939818,-0.00261239755770295,33.0443843897378,-0.948600611905104,-0.0978446868922833,-0.00476587170500965
1.14693366834171,-36.5027997785874,-0.678432340262626,-0.0695595072894415,-0.00258340872998376,31.2955124842339,-0.963000660730762,-0.0993504657409075,-0.00489359105841797
1.15572713567839,-35.0487392949889,-0.674293734686644,-0.0691599129506348,-0.00255451775292995,29.7465603969831,-0.977670368951644,-0.100874957639847,-0.00502396709843566
1.16452060301508,-33.7649800995824,-0.670188478433456,-0.0687619269680843,-0.00252572298429924,28.3655238530637,-0.992616975961829,-0.102418361390884,-0.0051570340590645
1.17331407035176,-32.6260963266584,-0.666116096409187,-0.0683655222697809,-0.00249702275689438,27.1268955858598,-1.00784799375208,-0.103980878581758,-0.00529282621402448
1.18210753768844,-31.6115942087717,-0.662076121509706,-0.0679706721249212,-0.00246841537996389,26.0100968052846,-1.02337122020697,-0.105562713661854,-0.0054313778761307
1.19090100502513,-30.7047772575816,-0.658068094490365,-0.0675773501478039,-0.00243989914057808,24.9983421779102,-1.03919475319924,-0.107164074020224,-0.00557272339707168
1.19969447236181,-29.8919113435893,-0.654091563837718,-0.0671855303012632,-0.00241147230515927,24.0778046926158,-1.05532700553591,-0.108785170065569,-0.00571689716746002
1.20848793969849,-29.1616011374534,-0.650146085643375,-0.0667951868999757,-0.00238313312104607,23.2369918734058,-1.0717767208174,-0.110426215308404,-0.00586393361724673
1.21728140703518,-28.5043180412924,-0.646231223480535,-0.0664062946136046,-0.00235487981805108,22.4662734666381,-1.08855299027772,-0.112087426445434,-0.00601386721642953
1.22607487437186,-27.9120383689581,-0.642346548282156,-0.0660188284696273,-0.00232671061011908,21.757519360429,-1.1056652706762,-0.113769023446066,-0.00616673247610076
1.23486834170854,-27.3779628874827,-0.638491638222655,-0.0656327638560743,-0.00229862369702984,21.10381884703,-1.12312340332284,-0.115471229641489,-0.00632256394979089
1.24366180904523,-26.8962971723633,-0.634666078599672,-0.0652480765238913,-0.00227061726609361,20.4992606794267,-1.14093763431681,-0.117194271815719,-0.00648139623513913
1.25245527638191,-26.4620779559094,-0.630869461719577,-0.0648647425892383,-0.00224268949389568,19.9387590996755,-1.15911863609747,-0.118938380299339,-0.0066432639758834
1.26124874371859,-26.0710346390226,-0.627101386783512,-0.0644827385354199,-0.00221483854806433,19.4179150076312,-1.17767753040371,-0.120703789065484,-0.00680820186410994
1.27004221105528,-25.7194779589065,-0.623361459776218,-0.0641020412146593,-0.00218706258906646,18.9329042605554,-1.19662591275586,-0.122490735828446,-0.00697624464285175
1.27883567839196,-25.4042098259739,-0.619649293356247,-0.0637226278496137,-0.00215935977204178,18.4803871147564,-1.21597587857852,-0.124299462144831,-0.00714742710895024
1.28762914572864,-25.122449808299,-0.615964506747586,-0.0633444760347177,-0.00213172824852539,18.0574342852357,-1.23574005109581,-0.126130213517243,-0.00732178411620748
1.29642261306533,-24.8717748158854,-0.612306725633304,-0.062967563737187,-0.00210416616834099,17.6614661730122,-1.25593161114403,-0.127983239500753,-0.00749935057883341
1.30521608040201,-24.6500693325803,-0.60867558205071,-0.0625918692978411,-0.00207667168140809,17.290202605087,-1.27656432905874,-0.129858793812106,-0.00768016147515076
1.31400954773869,-24.4554841385865,-0.605070714287926,-0.0622173714318067,-0.00204924293948324,16.9416210268554,-1.29765259880846,-0.131757134441782,-0.00786425185157781
1.32280301507538,-24.2864019159398,-0.601491766782134,-0.0618440492287766,-0.0020218780980537,16.6139215358317,-1.31921147456534,-0.133678523768942,-0.00805165682689213
1.33159648241206,-24.1414084714783,-0.597938390018716,-0.0614718821531865,-0.00199457531805536,16.3054974873742,-1.34125670991922,-0.135623228679285,-0.00824241159670764
1.34038994974874,-24.0192685747223,-0.594410240432682,-0.0611008500441782,-0.00196733276765954,16.0149106655351,-1.3638047999669,-0.137591520686205,-0.00843655143824611
1.34918341708543,-23.9189056113486,-0.590906980310673,-0.0607309331152458,-0.00194014862403876,15.7408702150193,-1.38687302652531,-0.139583676054879,-0.00863411171533821
1.35797688442211,-23.8393844116824,-0.587428277694973,-0.0603621119537343,-0.00191302107509284,15.4822146883821,-1.41047950674974,-0.14159997592981,-0.00883512788365182
1.36677035175879,-23.7798967379785,-0.583973806287704,-0.0599943675201072,-0.00188594832109538,15.2378966864619,-1.43464324545953,-0.143640706465497,-0.00903963549614667
1.37556381909548,-23.7397490130776,-0.58054324535784,-0.0596276811469909,-0.00185892857642365,15.0069696680485,-1.45938419151683,-0.145706158960856,-0.00924767020878863
1.38435728643216,-23.7183519511335,-0.577136279647899,-0.0592620345380215,-0.00183196007113627,14.7885765823305,-1.48472329862653,-0.147796629996921,-0.00945926778644043
1.39315075376884,-23.7152118143776,-0.573752599283325,-0.0588974097664741,-0.00180504105263337,14.5819400399162,-1.51068259098075,-0.149912421578525,-0.00967446410899778
1.40194422110553,-23.7299230704139,-0.570391899681826,-0.0585337892737414,-0.00177816978713909,14.3863537879543,-1.53728523420331,-0.152053841279533,-0.00989329517769283
1.41073768844221,-23.7621622661063,-0.567053881464225,-0.0581711558675201,-0.00175134456127278,14.2011752952549,-1.56455561211135,-0.154221202392069,-0.0101157971216279
1.41953115577889,-23.8116829680274,-0.563738250367213,-0.0578094927199527,-0.00172456368349201,14.0258192859962,-1.59251940986764,-0.156414824079968,-0.0103420062044996
1.42832462311558,-23.8783116473324,-0.560444717155969,-0.0574487833654289,-0.00169782548552898,13.8597520871983,-1.62120370415527,-0.158635031536142,-0.0105719588314842
1.43711809045226,-23.961944410666,-0.557172997538992,-0.0570890116982991,-0.00167112832381338,13.7024866771303,-1.65063706109379,-0.160882156144541,-0.0108056915563389
1.44591155778894,-24.0625444983059,-0.553922812083544,-0.0567301619705007,-0.00164447058070741,13.5535783397223,-1.68084964268892,-0.163156535646505,-0.01104324108865
1.45470502512563,-24.1801404878524,-0.550693886131924,-0.0563722187887669,-0.0016178506658982,13.4126208449994,-1.71187332270952,-0.165458514311661,-0.0112846443012649
1.46349849246231,-24.3148251566034,-0.547485949719437,-0.0560151671119308,-0.00159126701758832,13.2792430879575,-1.74374181299693,-0.167788443113841,-0.011529938237882
1.472291959799,-24.4667549687429,-0.544298737492937,-0.0556589922479848,-0.00156471810364252,13.1531061285927,-1.77649080133066,-0.17014667991182,-0.0117791601208086
1.48108542713568,-24.6361501654573,-0.541131988630733,-0.0553036798509339,-0.00153820242279372,13.0339005845253,-1.8101581021235,-0.172533589635324,-0.0120323473588718
1.48987889447236,-24.823295447036,-0.537985446763379,-0.0549492159175962,-0.00151171850568468,12.9213443349528,-1.84478382137854,-0.17494954447636,-0.0122895375554696
1.49867236180905,-25.0285412464911,-0.534858859895295,-0.0545955867842076,-0.00148526491589538,12.8151805008807,-1.88041053753036,-0.177394924086015,-0.0125507685167778
1.50746582914573,-25.2523056045923,-0.531751980327995,-0.0542427791229693,-0.00145884025092915,12.7151756719111,-1.91708350001233,-0.179870115777214,-0.0128160782601041
1.51625929648241,-25.4950766663558,-0.528664564583842,-0.0538907799383689,-0.00143244314316188,12.6211183543633,-1.95485084763492,-0.182375514733297,-0.0130855050223682
1.5250527638191,-25.757415829854,-0.525596373330779,-0.0535395765634874,-0.00140607226068095,12.5328176194943,-1.99376384915514,-0.18491152422281,-0.0133590872687176
1.53384623115578,-26.0399615895345,-0.522547171308515,-0.0531891566561726,-0.00137972630811919,12.4501019340338,-2.03387716875268,-0.187478555820862,-0.0136368637012919
1.54263969849246,-26.3434341284357,-0.519516727255466,-0.052839508195074,-0.00135340402744106,12.3728181582622,-2.07524915951369,-0.190077029637104,-0.0139188732681031
1.55143316582915,-26.6686407273901,-0.51650481383655,-0.0524906194756052,-0.00132710419866423,12.3008306996232,-2.11794218848168,-0.192707374550635,-0.0142051551720383
1.56022663316583,-27.0164820746104,-0.513511207571957,-0.0521424791058148,-0.00130082564051937,12.2340208123397,-2.16202299736607,-0.195370028452115,-0.0144957488799853
1.56902010050251,-27.3879595766579,-0.510535688767578,-0.0517950760021713,-0.0012745672111271,12.1722860358332,-2.20756310362612,-0.198065438493607,-0.0147906941321149
1.5778135678392,-27.7841837918108,-0.507578041445232,-0.0514483993853381,-0.00124832780847534,12.1155397668609,-2.25463924737014,-0.200794061345885,-0.0150900309512199
1.58660703517588,-28.2063841309159,-0.50463805327518,-0.0511024387757333,-0.0012221063710716,12.0637109625286,-2.30333389039558,-0.203556363464241,-0.0153937996522415
1.59540050251256,-28.6559199982276,-0.501715515508584,-0.0507571839891872,-0.00119590187833884,12.0167439733175,-2.35373577469833,-0.206352821362469,-0.0157020408518656
1.60419396984925,-29.1342935782124,-0.498810222911343,-0.0504126251324032,-0.00116971335111653,11.9745985075353,-2.40594054901608,-0.209183921895731,-0.016014795478249
1.61298743718593,-29.6431645136691,-0.495921973699192,-0.0500687525984397,-0.00114353985207102,11.9372497308347,-2.46005147341479,-0.212050162552728,-0.0163321047808812
1.62178090452261,-30.1843667679973,-0.493050569473091,-0.0497255570621384,-0.00111738048603242,11.9046885068778,-2.51618021366191,-0.214952051757144,-0.0166540103405293
1.6305743718593,-30.7599280221537,-0.490195815156211,-0.049383029475558,-0.00109123440029897,11.8769217880072,-2.57444773922942,-0.217890109179277,-0.0169805540793289
1.63936783919598,-31.3720920264323,-0.487357518931267,-0.0490411610631927,-0.00106510078499186,11.8539731677778,-2.63498534127463,-0.22086486605774,-0.0173117782709717
1.64816130653266,-32.0233444129646,-0.484535492179719,-0.0486999433174698,-0.00103897887321271,11.8358836108261,-2.69793579001468,-0.223876865532382,-0.0176477255510282
1.65695477386935,-32.7164425793237,-0.481729549420631,-0.0483593679937843,-0.00101286794141126,11.8227123795816,-2.76345465460158,-0.22692666298783,-0.0179884389273647
1.66574824120603,-33.4544503838437,-0.47893950825191,-0.048019427106057,-0.00098676730938907,11.8145381823784,-2.83171181317201,-0.230014826409425,-0.0183339617907178
1.67454170854271,-34.2407785536244,-0.476165189290999,-0.0476801129217079,-0.000960676340626306,11.8114605732736,-2.9028931862884,-0.233141936750684,-0.0186843379253316
1.6833351758794,-35.0792319080844,-0.473406416117819,-0.0473414179571038,-0.000934594442276319,11.8136016412237,-2.97720273390832,-0.236308588314071,-0.0190396115197838
1.69212864321608,-35.974064752998,-0.470663015217925,-0.0470033349726511,-0.000908521065383879,11.8211080349207,-3.05486476453175,-0.239515389144799,-0.0193998271778962
1.70092211055276,-36.9300461199762,-0.46793481592644,-0.0466658569681025,-0.000882455704853733,11.8341533805983,-3.13612661586752,-0.242762961438332,-0.0197650299297647
1.70971557788945,-37.9525369327635,-0.465221650373647,-0.0463289771777467,-0.000856397899596315,11.8529411636771,-3.22126177975272,-0.246051941962829,-0.0201352652429626
1.71850904522613,-39.0475817024502,-0.462523353430472,-0.0459926890656051,-0.000830347232522888,11.8777081622275,-3.31057356098697,-0.249382982496057,-0.0205105790338225
1.72730251256281,-40.2220180258656,-0.459839762656283,-0.0456569863207972,-0.000804303330548522,11.9087285419805,-3.40439938130458,-0.252756750278954,-0.0208910176789163
1.7360959798995,-41.4836080341359,-0.457170718245351,-0.0453218628525693,-0.000778265864645504,11.9463187502657,-3.50311586728066,-0.256173928484372,-0.0212766280265799
1.74488944723618,-42.8411970836444,-0.454516062977201,-0.0449873127858459,-0.000752234549734577,11.9908433822065,-3.60714489665687,-0.259635216704722,-0.0216674574087192
1.75368291457286,-44.3049064918354,-0.451875642164808,-0.0446533304562449,-0.000726209144756416,12.0427222387191,-3.71696082386111,-0.263141331455934,-0.0220635536526062
1.76247638190955,-45.8863691373326,-0.449249303606073,-0.0443199104054997,-0.000700189452622271,12.1024388570894,-3.8330991664204,-0.266693006701567,-0.0224649650929631
1.77126984924623,-47.5990194551009,-0.446636897534391,-0.0439870473768303,-0.000674175320057978,12.1705508753225,-3.95616711445788,-0.270290994395604,-0.0228717405840952
1.78006331658291,-49.4584530471655,-0.444038276571331,-0.04365473631016,-0.000648166637703474,12.2477026994177,-4.08685633322491,-0.27393606504651,-0.0232839295122588
1.7888567839196,-51.4828762000797,-0.441453295679662,-0.0433229723376294,-0.00062216333994326,12.3346410881949,-4.22595867408328,-0.27762900830258,-0.0237015818081637
1.79765025125628,-53.6936726552388,-0.438881812116726,-0.042991750778917,-0.000596165404864926,12.4322344691312,-4.37438560810181,-0.281370633559473,-0.0241247479596203
1.80644371859296,-56.1161249177749,-0.436323685390024,-0.0426610671367721,-0.000570172854206711,12.5414970735182,-4.53319247118564,-0.285161770592234,-0.0245534790244352
1.81523718592965,-58.7803415855215,-0.433778777212006,-0.0423309170923036,-0.000544185753366075,12.6636193639311,-4.70360899435535,-0.289003270210951,-0.0249878266433976
1.82403065326633,-61.7224627617424,-0.431246951456496,-0.0420012965006975,-0.000518204211195877,12.8000067735562,-4.8870781392291,-0.292896004942887,-0.0254278430535078
1.83282412060302,-64.9862459398072,-0.428728074116614,-0.041672201386705,-0.000492228380040216,12.9523295648572,-5.08530604665997,-0.296840869742119,-0.0258735811014281
1.8416175879397,-68.6251802242754,-0.426222013261561,-0.0413436279400892,-0.000466258455715388,13.1225877702525,-5.3003270617128,-0.300838782726375,-0.0263250942570223
1.85041105527638,-72.705346292306,-0.423728638996351,-0.0410155725114692,-0.000440294677362423,13.3131969029267,-5.53458952342289,-0.304890685945105,-0.0267824366272315
1.85920452261307,-77.3093481213317,-0.42124782342079,-0.0406880316078009,-0.000414337327535468,13.5271027542873,-5.79107063631245,-0.308997546177818,-0.0272456629700782
1.86799798994975,-82.5418162607878,-0.418779440590125,-0.0403610018881761,-0.000388386732112834,13.7679376904737,-6.07343283634582,-0.313160355765802,-0.0277148287089286
1.87679145728643,-88.5372677790476,-0.416323366475525,-0.0400344801595256,-0.000362443260306407,14.0402374020833,-6.3862406058631,-0.317380133477673,-0.0281899899469417
1.88558492462312,-95.4715907545216,-0.413879478926538,-0.0397084633724866,-0.000336507324655953,14.3497478063651,-6.73526743698859,-0.321657925411985,-0.0286712034818278
1.8943783919598,-103.579265624131,-0.411447657633622,-0.0393829486171062,-0.000310579381152585,14.7038700139232,-7.12794085584541,-0.325994805937294,-0.0291585268207966
1.90317185929648,-113.179970343997,-0.40902778409078,-0.0390579331187647,-0.000284659929212415,15.1123232715649,-7.57400541948537,-0.330391878671732,-0.0296520181957374
1.91196532663317,-124.721130569188,-0.40661974155971,-0.0387334142341045,-0.000258749511734246,15.588164386495,-8.08654219091139,-0.334850277505073,-0.0301517365786819
1.92075879396985,-138.848800881278,-0.404223415035204,-0.0384093894469941,-0.000232848715265709,16.149414711109,-8.6835957716825,-0.339371167665437,-0.0306577416976141
1.92955226130653,-156.531631539599,-0.401838691209715,-0.0380858563644812,-0.000206958170081353,16.8217746881351,-9.39088889206251,-0.343955746831143,-0.0311700940524088
1.93834572864322,-179.29092017841,-0.39946545844008,-0.0377628127128558,-0.000181078550365597,17.6434043090265,-10.2466029117589,-0.348605246292618,-0.0316888549311969
1.9471391959799,-209.660280081626,-0.397103606713517,-0.0374402563336938,-0.000155210574376688,18.6739273622696,-11.3103821081248,-0.353320932164601,-0.0322140864269082
1.95593266331658,-252.195658764555,-0.394753027615732,-0.0371181851799779,-0.000129355004697198,20.0129196014669,-12.6818218817824,-0.358104106653682,-0.0327458514542312
1.96472613065327,-315.996089509544,-0.39241361429876,-0.0367965973122547,-0.000103512648439026,21.8425086707827,-14.5430687174372,-0.362956109382187,-0.0332842137667955
1.97351959798995,-422.246907515303,-0.39008526144884,-0.0364754908947548,-7.76843575941172e-05,24.542960718758,-17.274406831058,-0.367878318771662,-0.033829237974728
1.98231306532663,-634.264669200538,-0.387767865258787,-0.0361548641918717,-5.18710292903779e-05,29.0974274751394,-21.8590052780158,-0.372872153493355,-0.0343809895627051
1.99110653266332,-1265.78459977708,-0.38546132339405,-0.0358347155640327,-2.60736062349513e-05,39.3901548511043,-32.1811265829709,-0.37793907397925,-0.0349395349079346
1.9999,-112983.380023707,-0.383165534723506,-0.0355150434329857,-2.93077095047732e-07,339.742173527928,-332.561817358395,-0.383080583767474,-0.0355049412677106
